Strategy,Mean,Std,Median,CI_Lower,CI_Upper,T-statistic,P-value,Wins_vs_PPO,N,Window
PassiveWidthSweep,2921.2867541381743,,2921.2867541381743,2921.2867541381743,2921.2867541381743,24.055911714375203,1.7712393185988023e-05,5.0,1,4
VolProportionalWidth,2926.2867541381747,,2926.2867541381747,2926.2867541381747,2926.2867541381747,23.79273363500244,1.8504467969342304e-05,5.0,1,4
ILMinimizer,2926.2867541381747,,2926.2867541381747,2926.2867541381747,2926.2867541381747,23.79273363500244,1.8504467969342304e-05,5.0,1,4
ReactiveRecentering,-319.1647009750401,,-319.1647009750401,-319.1647009750401,-319.1647009750401,194.61906976583273,4.1815110075910335e-09,5.0,1,4
PPO,3378.31402198112,17.343217401521954,3386.0701445927916,3362.8017767577753,3386.0701445927916,,,,5,4
