Strategy,Mean,Std,Median,CI_Lower,CI_Upper,T-statistic,P-value,Wins_vs_PPO,N,Window
PassiveWidthSweep,9937.262997709922,,9937.262997709922,9937.262997709922,9937.262997709922,0.48561705747807576,0.6526391024036788,2.0,1,0
VolProportionalWidth,13767.45165635282,,13767.45165635282,13767.45165635282,13767.45165635282,-0.01542354057535334,0.9884329178199172,2.0,1,0
ILMinimizer,9973.528475499781,,9973.528475499781,9973.528475499781,9973.528475499781,0.4808730413734063,0.6557265641104089,2.0,1,0
ReactiveRecentering,46946.00284660908,,46946.00284660908,46946.00284660908,46946.00284660908,-4.3556278000706055,0.012103537477549834,0.0,1,0
PPO,13649.546898899338,6978.41231492203,9646.436044647102,8761.239658632414,19734.44305401868,,,,5,0
