Strategy,Mean,Std,Median,CI_Lower,CI_Upper,T-statistic,P-value,Wins_vs_PPO,N,Window
PassiveWidthSweep,9338.936352747223,,9338.936352747223,9338.936352747223,9338.936352747223,0.6684028438011949,0.5404697884365074,4.0,1,1
VolProportionalWidth,26662.077110822298,,26662.077110822298,26662.077110822298,26662.077110822298,-0.7077280271121148,0.5181715121047498,1.0,1,1
ILMinimizer,11014.774371586454,,11014.774371586454,11014.774371586454,11014.774371586454,0.5352761513277264,0.6208327070255459,2.0,1,1
ReactiveRecentering,28579.60641239618,,28579.60641239618,28579.60641239618,28579.60641239618,-0.8600544039873135,0.4382531087667181,1.0,1,1
PPO,17752.988236185556,11491.488152985637,9750.395905428237,9533.998003302222,27301.006136222517,,,,5,1
