Hypothesis,Group1,Group2,Mean1,Mean2,Std1,Std2,T-statistic,P-value,Significant
H1: WETH->WBTC same period > future period,WETH->WBTC_same,WETH->WBTC_future,102627.09390161492,4970.0146978157545,37582.012372111116,11068.171585853048,5.573743535155004,0.0005261359103287954,True
H2: WBTC->WETH same period > future period,WBTC->WETH_same,WBTC->WETH_future,13613.043948114913,7985.0199341454745,107603.77585309156,79088.6514482759,0.09423702931477511,0.9272384023427314,False
H3: Cross-asset transfer efficiency,WETH->WBTC transfer efficiency,WBTC->WETH transfer efficiency,713.8953115608178,11.742981408377299,,,,,True
