Strategy,Mean,Std,Median,CI_Lower,CI_Upper,T-statistic,P-value,Wins_vs_PPO,N,Window
PassiveWidthSweep,30914.798434402495,,30914.798434402495,30914.798434402495,30914.798434402495,0.35205104262369197,0.7425647222741651,2.0,1,21
VolProportionalWidth,30967.919463679194,,30967.919463679194,30967.919463679194,30967.919463679194,0.3491299984065491,0.74459585643477,2.0,1,21
ILMinimizer,30967.919463679194,,30967.919463679194,30967.919463679194,30967.919463679194,0.3491299984065491,0.74459585643477,2.0,1,21
ReactiveRecentering,60307.279581507144,,60307.279581507144,60307.279581507144,60307.279581507144,-1.2641965762809761,0.27480778830618463,1.0,1,21
PPO,37317.06842824664,16601.132933892877,30497.09194734787,24697.083254382032,50873.69232436268,,,,5,21
