Strategy,Mean,Std,Median,CI_Lower,CI_Upper,T-statistic,P-value,Wins_vs_PPO,N,Window
PassiveWidthSweep,20840.69309819095,,20840.69309819095,20840.69309819095,20840.69309819095,-1.5228339713313526,0.20246461328726129,0.0,1,20
VolProportionalWidth,21009.860767095084,,21009.860767095084,21009.860767095084,21009.860767095084,-1.552133440249183,0.1955814252407702,0.0,1,20
ILMinimizer,21009.860767095084,,21009.860767095084,21009.860767095084,21009.860767095084,-1.552133440249183,0.1955814252407702,0.0,1,20
ReactiveRecentering,16839.465161205917,,16839.465161205917,16839.465161205917,16839.465161205917,-0.8298300756562097,0.4532883961162079,2.0,1,20
PPO,12048.237720224122,5270.684172877756,9805.447795863656,7953.659800436653,16081.613856530126,,,,5,20
