Strategy,Mean,Std,Median,CI_Lower,CI_Upper,T-statistic,P-value,Wins_vs_PPO,N
PassiveWidthSweep,21127.32065786139,10381.832215104727,22581.357432771023,18367.79918001018,24074.136645785748,2.396751199071958,0.018437586015972583,38.0,50
VolProportionalWidth,24056.844910115207,14417.30616409739,24495.511979395957,20348.952841557024,28174.451416052445,1.9218407174780032,0.05753064782476057,33.0,50
ILMinimizer,16813.575660913917,19492.3950237449,11436.69124037931,10781.930925652046,21916.49401080296,2.8687699997642073,0.005046948444790124,33.0,50
ReactiveRecentering,65271.486980534624,261066.4725090518,-17871.12860416959,10395.714777093588,135987.79444901444,-0.744938236524244,0.4580918395122171,38.0,50
PPO,37332.116191821086,46667.71211922269,32264.422923874718,25048.445972951795,50485.718016659,,,,50
