Strategy,Mean,Std,Median,CI_Lower,CI_Upper,T-statistic,P-value,Wins_vs_PPO,N
PassiveWidthSweep,8361.449351861651,13548.184779315712,8570.698445124117,4514.138172580389,12044.094079716311,3.7289684251692825,0.0003220377719684852,33.0,50
VolProportionalWidth,13891.263691083435,8418.978716155256,12784.323880226155,11603.536201001207,16110.683990253357,2.597639474354645,0.010832789029043556,32.0,50
ILMinimizer,10507.086905053102,10054.21181218935,8633.349396120488,7779.902492842538,13246.246235887222,3.382698404205534,0.0010327650124213423,34.0,50
ReactiveRecentering,46805.69030969398,111345.10523727616,9901.80639890522,18002.1723535937,82932.80020017471,-1.3924037666748321,0.16695155805714276,31.0,50
PPO,24248.924928313852,26908.42233577859,15582.550157791924,17500.79884113075,32128.782082763846,,,,50
