Strategy,Mean,Std,Median,CI_Lower,CI_Upper,T-statistic,P-value,Wins_vs_PPO,N,Window
PassiveWidthSweep,-20040.947796873126,,-20040.947796873126,-20040.947796873126,-20040.947796873126,1.814563887004157,0.1437824529161817,5.0,1,1
VolProportionalWidth,7085.868546196556,,7085.868546196556,7085.868546196556,7085.868546196556,0.6418133757499637,0.555926289723349,4.0,1,1
ILMinimizer,8682.171072097131,,8682.171072097131,8682.171072097131,8682.171072097131,0.5728017903250293,0.5974390766229768,4.0,1,1
ReactiveRecentering,21791.66168212399,,21791.66168212399,21791.66168212399,21791.66168212399,0.006050365434035271,0.995462260531212,2.0,1,1
PPO,21931.612294264,21115.558512255193,16634.90476173339,8490.339223803132,40953.83428237879,,,,5,1
