Strategy,Mean,Std,Median,CI_Lower,CI_Upper,T-statistic,P-value,Wins_vs_PPO,N,Window
PassiveWidthSweep,19314.840398604432,,19314.840398604432,19314.840398604432,19314.840398604432,1.7928188882243885,0.1474658094262689,5.0,1,13
VolProportionalWidth,19319.840398604432,,19319.840398604432,19319.840398604432,19319.840398604432,1.792267795009241,0.14756045812078364,5.0,1,13
ILMinimizer,19319.840398604432,,19319.840398604432,19319.840398604432,19319.840398604432,1.792267795009241,0.14756045812078364,5.0,1,13
ReactiveRecentering,34025.39824734339,,34025.39824734339,34025.39824734339,34025.39824734339,0.1714411639290609,0.8722004452977471,4.0,1,13
PPO,35580.86254282684,8282.364072752604,37537.06421127377,27952.79925120173,41250.72416600503,,,,5,13
