Strategy,Mean,Std,Median,CI_Lower,CI_Upper,T-statistic,P-value,Wins_vs_PPO,N,Window
PassiveWidthSweep,16852.439771798752,,16852.439771798752,16852.439771798752,16852.439771798752,-0.4601814892560849,0.6692896431144945,2.0,1,14
VolProportionalWidth,16650.180500466966,,16650.180500466966,16650.180500466966,16650.180500466966,-0.427941480902398,0.690728154206339,2.0,1,14
ILMinimizer,16650.180500466966,,16650.180500466966,16650.180500466966,16650.180500466966,-0.427941480902398,0.690728154206339,2.0,1,14
ReactiveRecentering,10594.542028706604,,10594.542028706604,10594.542028706604,10594.542028706604,0.5373237137704345,0.6195417605599518,4.0,1,14
PPO,13965.46866198302,5726.9404812001985,10939.34266009008,9679.906319402387,18251.03100456365,,,,5,14
