Strategy,Mean,Std,Median,CI_Lower,CI_Upper,T-statistic,P-value,Wins_vs_PPO,N,Window
PassiveWidthSweep,32943.074263071874,,32943.074263071874,32943.074263071874,32943.074263071874,-0.4558535550818663,0.6721462015452122,1.0,1,16
VolProportionalWidth,33105.562183295806,,33105.562183295806,33105.562183295806,33105.562183295806,-0.4694615842352421,0.6631873120913079,1.0,1,16
ILMinimizer,33105.562183295806,,33105.562183295806,33105.562183295806,33105.562183295806,-0.4694615842352421,0.6631873120913079,1.0,1,16
ReactiveRecentering,25723.50216087576,,25723.50216087576,25723.50216087576,25723.50216087576,0.14877076102845424,0.8889334428410285,3.0,1,16
PPO,27499.91307807668,10900.219057642325,32744.77600463872,19355.26137184081,35644.56478431255,,,,5,16
