Strategy,WETH_Mean,WETH_Std,WETH_P,WBTC_Mean,WBTC_Std,WBTC_P
PassiveWidthSweep,21127.32065786139,10381.832215104729,0.0184375860159725,15981.55145522731,9913.128661616942,0.1537607952659591
VolProportionalWidth,24056.844910115207,14417.30616409739,0.0575306478247605,17012.867189024273,9842.89410560318,0.0391023454750888
ILMinimizer,16813.575660913917,19492.3950237449,0.0050469484447901,16035.785061615104,9841.539058596632,0.143382670729152
ReactiveRecentering,65271.486980534624,261066.4725090518,0.4580918395122171,16081.337575648333,17586.67636986041,0.2584694776563969
PPO,37332.116191821086,46667.71211922269,,13672.24023649078,13713.41134091714,
